-- MySQL dump 10.13  Distrib 8.0.19, for Win64 (x86_64)
--
-- Host: localhost    Database: cuarentena
-- ------------------------------------------------------
-- Server version	8.0.19

/*!40101 SET @OLD_CHARACTER_SET_CLIENT=@@CHARACTER_SET_CLIENT */;
/*!40101 SET @OLD_CHARACTER_SET_RESULTS=@@CHARACTER_SET_RESULTS */;
/*!40101 SET @OLD_COLLATION_CONNECTION=@@COLLATION_CONNECTION */;
/*!50503 SET NAMES utf8 */;
/*!40103 SET @OLD_TIME_ZONE=@@TIME_ZONE */;
/*!40103 SET TIME_ZONE='+00:00' */;
/*!40014 SET @OLD_UNIQUE_CHECKS=@@UNIQUE_CHECKS, UNIQUE_CHECKS=0 */;
/*!40014 SET @OLD_FOREIGN_KEY_CHECKS=@@FOREIGN_KEY_CHECKS, FOREIGN_KEY_CHECKS=0 */;
/*!40101 SET @OLD_SQL_MODE=@@SQL_MODE, SQL_MODE='NO_AUTO_VALUE_ON_ZERO' */;
/*!40111 SET @OLD_SQL_NOTES=@@SQL_NOTES, SQL_NOTES=0 */;

--
-- Table structure for table `consulta`
--

DROP TABLE IF EXISTS `consulta`;
/*!40101 SET @saved_cs_client     = @@character_set_client */;
/*!50503 SET character_set_client = utf8mb4 */;
CREATE TABLE `consulta` (
  `PacienteID` int NOT NULL,
  `DoctorID` int NOT NULL,
  `fecha` datetime DEFAULT NULL,
  PRIMARY KEY (`PacienteID`,`DoctorID`),
  KEY `DoctorID` (`DoctorID`),
  CONSTRAINT `consulta_ibfk_1` FOREIGN KEY (`PacienteID`) REFERENCES `paciente` (`ID`),
  CONSTRAINT `consulta_ibfk_2` FOREIGN KEY (`DoctorID`) REFERENCES `doctor` (`ID`)
) ENGINE=InnoDB DEFAULT CHARSET=latin1;
/*!40101 SET character_set_client = @saved_cs_client */;

--
-- Dumping data for table `consulta`
--

LOCK TABLES `consulta` WRITE;
/*!40000 ALTER TABLE `consulta` DISABLE KEYS */;
INSERT INTO `consulta` VALUES (1,9,'2020-03-14 00:00:00'),(2,8,'2020-03-08 00:00:00'),(3,7,'2020-03-07 00:00:00'),(4,6,'2020-03-04 00:00:00'),(5,5,'2020-03-01 00:00:00'),(6,4,'2020-02-29 00:00:00'),(7,3,'2020-02-25 00:00:00'),(8,2,'2020-02-25 00:00:00'),(9,1,'2020-03-17 00:00:00'),(10,10,'2020-03-16 00:00:00');
/*!40000 ALTER TABLE `consulta` ENABLE KEYS */;
UNLOCK TABLES;

--
-- Table structure for table `consultorio`
--

DROP TABLE IF EXISTS `consultorio`;
/*!40101 SET @saved_cs_client     = @@character_set_client */;
/*!50503 SET character_set_client = utf8mb4 */;
CREATE TABLE `consultorio` (
  `ID` int NOT NULL AUTO_INCREMENT,
  `piso` int NOT NULL,
  `nro` int NOT NULL,
  PRIMARY KEY (`ID`)
) ENGINE=InnoDB AUTO_INCREMENT=10 DEFAULT CHARSET=latin1;
/*!40101 SET character_set_client = @saved_cs_client */;

--
-- Dumping data for table `consultorio`
--

LOCK TABLES `consultorio` WRITE;
/*!40000 ALTER TABLE `consultorio` DISABLE KEYS */;
INSERT INTO `consultorio` VALUES (0,2,202),(1,1,101),(2,1,102),(3,4,401),(4,5,501),(5,2,201),(6,1,102),(7,3,302),(8,4,402),(9,5,502);
/*!40000 ALTER TABLE `consultorio` ENABLE KEYS */;
UNLOCK TABLES;

--
-- Table structure for table `doctor`
--

DROP TABLE IF EXISTS `doctor`;
/*!40101 SET @saved_cs_client     = @@character_set_client */;
/*!50503 SET character_set_client = utf8mb4 */;
CREATE TABLE `doctor` (
  `ID` int NOT NULL AUTO_INCREMENT,
  `personaID` int NOT NULL,
  `consultorioID` int NOT NULL,
  `especialidadID` int NOT NULL,
  PRIMARY KEY (`ID`),
  KEY `personaID` (`personaID`),
  KEY `consultorioID` (`consultorioID`),
  KEY `especialidadID` (`especialidadID`),
  CONSTRAINT `doctor_ibfk_1` FOREIGN KEY (`personaID`) REFERENCES `persona` (`CI`),
  CONSTRAINT `doctor_ibfk_2` FOREIGN KEY (`consultorioID`) REFERENCES `consultorio` (`ID`),
  CONSTRAINT `doctor_ibfk_3` FOREIGN KEY (`especialidadID`) REFERENCES `especialidad` (`ID`)
) ENGINE=InnoDB AUTO_INCREMENT=11 DEFAULT CHARSET=latin1;
/*!40101 SET character_set_client = @saved_cs_client */;

--
-- Dumping data for table `doctor`
--

LOCK TABLES `doctor` WRITE;
/*!40000 ALTER TABLE `doctor` DISABLE KEYS */;
INSERT INTO `doctor` VALUES (1,2345678,1,2),(2,1234567,2,1),(3,4567891,3,3),(4,5678912,5,4),(5,6789123,0,5),(6,6848676,4,6),(7,7891234,7,7),(8,8301163,6,8),(9,8912345,9,9),(10,9123545,8,10);
/*!40000 ALTER TABLE `doctor` ENABLE KEYS */;
UNLOCK TABLES;

--
-- Table structure for table `especialidad`
--

DROP TABLE IF EXISTS `especialidad`;
/*!40101 SET @saved_cs_client     = @@character_set_client */;
/*!50503 SET character_set_client = utf8mb4 */;
CREATE TABLE `especialidad` (
  `ID` int NOT NULL AUTO_INCREMENT,
  `nombre` varchar(30) DEFAULT NULL,
  PRIMARY KEY (`ID`)
) ENGINE=InnoDB AUTO_INCREMENT=11 DEFAULT CHARSET=latin1;
/*!40101 SET character_set_client = @saved_cs_client */;

--
-- Dumping data for table `especialidad`
--

LOCK TABLES `especialidad` WRITE;
/*!40000 ALTER TABLE `especialidad` DISABLE KEYS */;
INSERT INTO `especialidad` VALUES (1,'Pediatria'),(2,'Oftalmología'),(3,'Oncología'),(4,'Ginecología'),(5,'Obstetricia'),(6,'Dermatología'),(7,'Cirugía'),(8,'Neurología'),(9,'Cardiología'),(10,'Gastroenterología');
/*!40000 ALTER TABLE `especialidad` ENABLE KEYS */;
UNLOCK TABLES;

--
-- Table structure for table `paciente`
--

DROP TABLE IF EXISTS `paciente`;
/*!40101 SET @saved_cs_client     = @@character_set_client */;
/*!50503 SET character_set_client = utf8mb4 */;
CREATE TABLE `paciente` (
  `ID` int NOT NULL AUTO_INCREMENT,
  `personaID` int NOT NULL,
  `fechaIngreso` datetime DEFAULT NULL,
  PRIMARY KEY (`ID`),
  KEY `personaID` (`personaID`),
  CONSTRAINT `paciente_ibfk_1` FOREIGN KEY (`personaID`) REFERENCES `persona` (`CI`)
) ENGINE=InnoDB AUTO_INCREMENT=11 DEFAULT CHARSET=latin1;
/*!40101 SET character_set_client = @saved_cs_client */;

--
-- Dumping data for table `paciente`
--

LOCK TABLES `paciente` WRITE;
/*!40000 ALTER TABLE `paciente` DISABLE KEYS */;
INSERT INTO `paciente` VALUES (1,2345678,'2020-03-16 00:00:00'),(2,4567891,'2020-03-14 00:00:00'),(3,5678912,'2020-03-08 00:00:00'),(4,6789123,'2020-03-07 00:00:00'),(5,6848676,'2020-03-04 00:00:00'),(6,7891234,'2020-03-01 00:00:00'),(7,8301163,'2020-02-29 00:00:00'),(8,8912345,'2020-02-25 00:00:00'),(9,9123545,'2020-02-25 00:00:00'),(10,1234567,'2020-03-17 00:00:00');
/*!40000 ALTER TABLE `paciente` ENABLE KEYS */;
UNLOCK TABLES;

--
-- Table structure for table `persona`
--

DROP TABLE IF EXISTS `persona`;
/*!40101 SET @saved_cs_client     = @@character_set_client */;
/*!50503 SET character_set_client = utf8mb4 */;
CREATE TABLE `persona` (
  `CI` int NOT NULL,
  `nombres` varchar(30) DEFAULT NULL,
  `apellidos` varchar(30) DEFAULT NULL,
  `fechaNacimiento` datetime DEFAULT NULL,
  PRIMARY KEY (`CI`)
) ENGINE=InnoDB DEFAULT CHARSET=latin1;
/*!40101 SET character_set_client = @saved_cs_client */;

--
-- Dumping data for table `persona`
--

LOCK TABLES `persona` WRITE;
/*!40000 ALTER TABLE `persona` DISABLE KEYS */;
INSERT INTO `persona` VALUES (1234567,'Pepito','Peréz','1999-10-02 00:00:00'),(2345678,'Alberto','Villalpando','1940-11-26 00:00:00'),(4567891,'Luis Adolfo','Siles Salinas','1925-06-21 00:00:00'),(5678912,'Lidia','Gueiler Tejada','1921-08-28 00:00:00'),(6789123,'Víctor','Paz Estenssoro','1907-10-02 00:00:00'),(6848676,'Valeria ','Muñoz García','1999-09-01 00:00:00'),(7891234,'Carlos','Mesa Gisbert','1953-08-12 00:00:00'),(8301163,'Paul','Landaeta Flores','1991-03-25 00:00:00'),(8912345,'Carlos','Montenegro','1903-12-26 00:00:00'),(9123545,'Gonzalo','Sánchez de Lozada','1930-07-01 00:00:00');
/*!40000 ALTER TABLE `persona` ENABLE KEYS */;
UNLOCK TABLES;
/*!40103 SET TIME_ZONE=@OLD_TIME_ZONE */;

/*!40101 SET SQL_MODE=@OLD_SQL_MODE */;
/*!40014 SET FOREIGN_KEY_CHECKS=@OLD_FOREIGN_KEY_CHECKS */;
/*!40014 SET UNIQUE_CHECKS=@OLD_UNIQUE_CHECKS */;
/*!40101 SET CHARACTER_SET_CLIENT=@OLD_CHARACTER_SET_CLIENT */;
/*!40101 SET CHARACTER_SET_RESULTS=@OLD_CHARACTER_SET_RESULTS */;
/*!40101 SET COLLATION_CONNECTION=@OLD_COLLATION_CONNECTION */;
/*!40111 SET SQL_NOTES=@OLD_SQL_NOTES */;

-- Dump completed on 2020-03-17 12:37:09
